<?xml version="1.0" encoding="UTF-8"?>

<!-- * converters.xml * * Copyright (C) 2016 Universidad de Sevilla * * The 
	use of this project is hereby constrained to the conditions of the * TDG 
	Licence, a copy of which you may download from * http://www.tdg-seville.info/License.html -->


<beans
	xsi:schemaLocation=" http://www.springframework.org/schema/beans http://www.springframework.org/schema/beans/spring-beans-4.0.xsd http://www.springframework.org/schema/util http://www.springframework.org/schema/util/spring-util-4.0.xsd "
	xmlns:util="http://www.springframework.org/schema/util" xmlns:xsi="http://www.w3.org/2001/XMLSchema-instance"
	xmlns="http://www.springframework.org/schema/beans">



	<util:list id="converters">

		<bean class="converters.ActorToStringConverter" />
		<bean class="converters.StringToActorConverter" />

		<bean class="converters.NoteToStringConverter" />
		<bean class="converters.StringToNoteConverter" />

		<bean class="converters.TripToStringConverter" />
		<bean class="converters.StringToTripConverter" />

		<bean class="converters.CategoryToStringConverter" />
		<bean class="converters.StringToCategoryConverter" />

		<bean class="converters.FinderToStringConverter" />
		<bean class="converters.StringToFinderConverter" />

		<bean class="converters.AuditorToStringConverter" />
		<bean class="converters.StringToAuditorConverter" />

		<bean class="converters.ReplyToStringConverter" />
		<bean class="converters.StringToReplyConverter" />

		<bean class="converters.ApplicationToStringConverter" />
		<bean class="converters.StringToApplicationConverter" />

		<bean class="converters.CreditCardToStringConverter" />
		<bean class="converters.StringToCreditCardConverter" />

		<bean class="converters.SurvivalClassToStringConverter" />
		<bean class="converters.StringToSurvivalClassConverter" />

		<bean class="converters.ConfigurationToStringConverter" />
		<bean class="converters.StringToConfigurationConverter" />

		<bean class="converters.LegalTextToStringConverter" />
		<bean class="converters.StringToLegalTextConverter" />

		<bean class="converters.RangerToStringConverter" />
		<bean class="converters.StringToRangerConverter" />

		<bean class="converters.ManagerToStringConverter" />
		<bean class="converters.StringToManagerConverter" />

		<bean class="converters.MessageToStringConverter" />
		<bean class="converters.StringToMessageConverter" />

		<bean class="converters.TagToStringConverter" />
		<bean class="converters.StringToTagConverter" />

		<bean class="converters.ValueToStringConverter" />
		<bean class="converters.StringToValueConverter" />

		<bean class="converters.ExplorerToStringConverter" />
		<bean class="converters.StringToExplorerConverter" />

		<bean class="converters.LocationToStringConverter" />
		<bean class="converters.StringToLocationConverter" />

		<bean class="converters.StageToStringConverter" />
		<bean class="converters.StringToStageConverter" />

		<bean class="converters.FolderToStringConverter" />
		<bean class="converters.StringToFolderConverter" />

		<bean class="converters.StoryToStringConverter" />
		<bean class="converters.StringToStoryConverter" />

		<bean class="converters.ProfessionalRecordToStringConverter" />
		<bean class="converters.StringToProfessionalRecordConverter" />

		<bean class="converters.EndorserRecordToStringConverter" />
		<bean class="converters.StringToEndorserRecordConverter" />

		<bean class="converters.MiscellaneousRecordToStringConverter" />
		<bean class="converters.StringToMiscellaneousRecordConverter" />

		<bean class="converters.SocialIdentityToStringConverter" />
		<bean class="converters.StringToSocialIdentityConverter" />

		<bean class="converters.UserAccountToStringConverter" />
		<bean class="converters.StringToUserAccountConverter" />

		<bean class="converters.PersonalRecordToStringConverter"/>
		<bean class="converters.StringToPersonalRecordConverter"/>
		
		<bean class="converters.NotificationToStringConverter"/>
		<bean class="converters.StringToNotificationConverter"/>
		
		<bean class="converters.AdministratorToStringConverter"/>
		<bean class="converters.StringToAdministratorConverter"/>
		
		<bean class="converters.SponsorshipToStringConverter"/>
		<bean class="converters.StringToSponsorshipConverter"/>
		
		<bean class="converters.SponsorToStringConverter"/>
		<bean class="converters.StringToSponsorConverter"/>
		
		<bean class="converters.AuditToStringConverter"/>
		<bean class="converters.StringToAuditConverter"/>
		
	</util:list>

</beans>