<?xml version="1.0" encoding="UTF-8"?>

<!-- 
 * i18n-l10n.xml
 *
 * Copyright (C) 2017 Universidad de Sevilla
 * Author (A) 2012 Rafael Corchuelo (corchu@us.es)
 * 
 * The use of this project is hereby constrained to the conditions of the 
 * TDG Licence, a copy of which you may download from 
 * http://www.tdg-seville.info/License.html
 -->

<beans xmlns="http://www.springframework.org/schema/beans"
	xmlns:xsi="http://www.w3.org/2001/XMLSchema-instance" xmlns:util="http://www.springframework.org/schema/util"
	xsi:schemaLocation="
		http://www.springframework.org/schema/beans http://www.springframework.org/schema/beans/spring-beans-4.0.xsd
		http://www.springframework.org/schema/util http://www.springframework.org/schema/util/spring-util-4.0.xsd 
	">

	<util:list id="messages">
		<value>/views/master-page/messages</value>
		<value>/views/misc/messages</value>
		<value>/views/security/messages</value>		
		<value>/views/welcome/messages</value>
		
		
		
		
		<value>/views/contact/messages</value>
		<value>/views/actor/messages</value>
		<value>/views/auditor/messages</value>
		<value>/views/explorer/messages</value>
		<value>/views/ranger/messages</value>
		<value>/views/manager/messages</value>
		<value>/views/sponsor/messages</value>
		
		
		<value>/views/note/messages</value>
		<value>/views/category/messages</value>
		<value>/views/announcement/messages</value>
		<value>/views/certification/messages</value>
		<value>/views/exam/messages</value>
		
		<value>/views/administrator/messages</value>
		<value>/views/trip/messages</value>
		<value>/views/audit/messages</value>
		<value>/views/sponsorship/messages</value>
		<value>/views/application/messages</value>
		<value>/views/finder/messages</value>
		<value>/views/creditCard/messages</value>
		<value>/views/survivalClass/messages</value>
		<value>/views/stage/messages</value>
		<value>/views/legaltext/messages</value>
		<value>/views/socialIdentity/messages</value>
		
		<value>/views/reply/messages</value>
		<value>/views/configuration/messages</value>
		<value>/views/curriculum/messages</value>
		<value>/views/message/messages</value>
		<value>/views/folder/messages</value>
		<value>/views/story/messages</value>
		
		<value>/views/tag/messages</value>
		<value>/views/professionalRecord/messages</value>
		<value>/views/endorserRecord/messages</value>
		<value>/views/miscellaneousRecord/messages</value>
		<value>/views/personalRecord/messages</value>
		<value>/views/educationRecord/messages</value>
		
	</util:list>

</beans>