<?xml version="1.0" encoding="UTF-8"?>

<!-- * security.xml * * Copyright (C) 2017 Universidad de Sevilla * Author 
	(A) 2012 Rafael Corchuelo (corchu@us.es) * * The use of this project is hereby 
	constrained to the conditions of the * TDG Licence, a copy of which you may 
	download from * http://www.tdg-seville.info/License.html -->

<beans xmlns="http://www.springframework.org/schema/beans"
	xmlns:xsi="http://www.w3.org/2001/XMLSchema-instance" xmlns:security="http://www.springframework.org/schema/security"
	xsi:schemaLocation="
		http://www.springframework.org/schema/beans http://www.springframework.org/schema/beans/spring-beans-4.0.xsd		
        http://www.springframework.org/schema/security http://www.springframework.org/schema/security/spring-security-3.2.xsd
    ">

	<!-- Security infrastructure -->

	<bean id="loginService" class="security.LoginService" />

	<bean id="passwordEncoder"
		class="org.springframework.security.authentication.encoding.Md5PasswordEncoder" />

	<!-- Access control -->

	<!--ACCESO PERMITIDO A TODOS -->
	<security:http auto-config="true" use-expressions="true">
		<security:intercept-url pattern="/" access="permitAll" />
		<security:intercept-url pattern="/favicon.ico"
			access="permitAll" />
		<security:intercept-url pattern="/images/**"
			access="permitAll" />
		<security:intercept-url pattern="welcome/edit.do"
			access="permitAll" />
		<security:intercept-url pattern="/scripts/**"
			access="permitAll" />
		<security:intercept-url pattern="/styles/**"
			access="permitAll" />
		<security:intercept-url pattern="/views/misc/index.jsp"
			access="permitAll" />
		<security:intercept-url pattern="/security/login.do"
			access="permitAll" />
		<security:intercept-url pattern="/security/loginFailure.do"
			access="permitAll" />
		<security:intercept-url pattern="/survivalClass/**"
			access="permitAll" />
		<security:intercept-url pattern="/socialIdentity/**"
			access="permitAll" />
		<security:intercept-url pattern="/category/**"
			access="permitAll" />
		<security:intercept-url pattern="/trip/**"
			access="permitAll" />
		<!-- <security:intercept-url pattern="/finder/**"
			access="permitAll" /> -->
		<security:intercept-url pattern="/trip/list.do"
			access="permitAll" />
		<security:intercept-url pattern="/trip/search.do"
			access="permitAll" />
		<security:intercept-url pattern="/trip/listAJAX/**"
			access="permitAll" />
		<security:intercept-url pattern="/ranger/**"
			access="permitAll" />
		<security:intercept-url pattern="/curriculum/**"
			access="permitAll" />
		<security:intercept-url pattern="/message/**"
			access="permitAll" />
		<security:intercept-url pattern="/folder/**"
			access="permitAll" />


		<!--ACCESO REGISTRADO COMO MANAGER -->

		<security:intercept-url pattern="/note/manager/**"
			access="hasRole('MANAGER')" />
		<security:intercept-url pattern="/survivalClass/edit.do"
			access="hasRole('MANAGER')" />
		<security:intercept-url pattern="/trip/manager/**"
			access="hasRole('MANAGER')" />
		<security:intercept-url pattern="/application/manager/**"
			access="hasRole('MANAGER')" />
		<security:intercept-url pattern="/stage/**"
			access="hasRole('MANAGER')" />


		<!--ACCESO REGISTRADO COMO ADMINISTRADOR -->

		<security:intercept-url pattern="/category/edit/**"
			access="hasRole('ADMIN')" />
		<security:intercept-url pattern="/administrator/**"
			access="hasRole('ADMIN')" />
		<security:intercept-url pattern="/configuration/admin/**"
			access="hasRole('ADMIN')" />
		<security:intercept-url pattern="/actor/admin/ban.do"
			access="hasRole('ADMIN')" />
		<security:intercept-url pattern="/actor/admin/unban.do"
			access="hasRole('ADMIN')" />
		<security:intercept-url pattern="/legalText/**"
			access="hasRole('ADMIN')" />
		<security:intercept-url pattern="/notification/**"
			access="hasRole('ADMIN')" />
		<security:intercept-url pattern="/value/**"
			access="hasRole('ADMIN')" />


		<!--ACCESO REGISTRADO COMO AUDITOR -->

		<security:intercept-url pattern="/note/auditor/**"
			access="hasRole('AUDITOR')" />
		<security:intercept-url pattern="/audit/auditor/**"
			access="hasRole('AUDITOR')" />


		<!--ACCESO REGISTRADO COMO EXPLORER -->

		<security:intercept-url pattern="/application/explorer/**"
			access="hasRole('EXPLORER')" />
		<security:intercept-url pattern="/contact/explorer/**"
			access="hasRole('EXPLORER')" />
		<security:intercept-url pattern="/story/**"
			access="hasRole('EXPLORER')" />
		<security:intercept-url pattern="/finder/**"
			access="hasRole('EXPLORER')" />


		<!--ACCESO REGISTRADO COMO RANGER -->

		<security:intercept-url pattern="/curriculum/ranger/**"
			access="hasRole('RANGER')" />
		<security:intercept-url pattern="/professionalRecord/ranger/**"
			access="hasRole('RANGER')" />
		<security:intercept-url pattern="/endorserRecord/ranger/**"
			access="hasRole('RANGER')" />
		<security:intercept-url pattern="/miscellaneousRecord/ranger/**"
			access="hasRole('RANGER')" />
		<security:intercept-url pattern="/personalRecord/ranger/**"
			access="hasRole('RANGER')" />
	<security:intercept-url pattern="/educationRecord/ranger/**"
			access="hasRole('RANGER')" />

		<!-- SPONSOR Y SPONSORSHIPS -->

		<security:intercept-url pattern="/sponsor/sponsor/**"
			access="hasRole('SPONSOR')" />
		<security:intercept-url pattern="/sponsorship/**"
			access="hasRole('SPONSOR')" />
			<security:intercept-url pattern="/sponsor/sponsorship/**"
			access="hasRole('SPONSOR')" />


		<!--ACCESO REGISTRADO COMO 2+ ROLES -->

		<security:intercept-url pattern="/application/**"
			access="hasAnyRole('MANAGER', 'EXPLORER')" />
		<security:intercept-url pattern="/reply/**"
			access="hasAnyRole('MANAGER', 'AUDITOR')" />
		<security:intercept-url pattern="/tag/**"
			access="hasAnyRole('MANAGER', 'ADMIN')" />
		<security:intercept-url pattern="/actor/**"
			access="isAuthenticated()" />


		<!-- REGISTRO EN EL SISTEMA -->

		<security:intercept-url pattern="/explorer/registration/**"
			access="isAnonymous()" />
		<security:intercept-url pattern="/sponsor/registration/**"
			access="isAnonymous()" />
		<security:intercept-url pattern="/auditor/registration/**"
			access="isAnonymous()" />
		<security:intercept-url pattern="/ranger/registration/**"
			access="hasAnyRole('ADMIN', 'isAnonymous()')" />
		<security:intercept-url pattern="/manager/registration/**"
			access="hasRole('ADMIN')" />



		<security:intercept-url pattern="/**"
			access="hasRole('NONE')" />

		<security:form-login login-page="/security/login.do"
			password-parameter="password" username-parameter="username"
			authentication-failure-url="/security/loginFailure.do" />

		<security:logout logout-success-url="/"
			invalidate-session="true" />

	</security:http>

</beans>